comment,author,published_at,like_count,video_id,intent_category,matched_keyword
"First suit link
Pls",@shiprabhadana5822,2026-08-15T11:18:31Z,0,mdkcYVovjB4,product_link,link
Link of first,@harshaindoriya2504,2026-08-13T17:35:28Z,0,mdkcYVovjB4,product_link,link
Link for first outfit plz,@tubalateef7365,2026-08-13T10:52:37Z,0,mdkcYVovjB4,product_link,link
Qki wo dono ka link apne ni diya h. So plz black wale link plz,@kr_harsha,2026-08-11T12:04:35Z,0,mdkcYVovjB4,product_link,link
Black wale or onion wale ka link dena plz.,@kr_harsha,2026-08-11T12:04:08Z,0,mdkcYVovjB4,product_link,link
1st ka link,@thisisuttam...5661,2026-08-11T02:19:21Z,0,mdkcYVovjB4,product_link,link
Link,@ghalotritu,2026-08-10T06:24:42Z,0,mdkcYVovjB4,product_link,link
Your choice is best among all you tubers  who review clothes .I always look forward to your video before buying any suit,@Decorzaa,2026-08-09T15:42:08Z,0,mdkcYVovjB4,purchase_intent,buy
Create my haul link,@anamikakumari589,2026-08-09T05:43:02Z,0,mdkcYVovjB4,product_link,link
Link,@MonikaChaudhary-x8j,2026-08-09T04:45:53Z,0,mdkcYVovjB4,product_link,link
Best choices........there is any link of which one u wear  in this video,@satyy2j,2026-08-07T19:33:02Z,0,mdkcYVovjB4,product_link,link
1st suit ka link nahi hai,@manishajain4660,2026-08-07T12:21:34Z,0,mdkcYVovjB4,product_link,link
link,@shelly18-q5d,2026-08-06T22:09:20Z,0,mdkcYVovjB4,product_link,link
Pls share link of 1st beige suit,@shreej5678,2026-08-06T13:09:27Z,1,mdkcYVovjB4,product_link,link
None of the links are opening,@shalinirawat9573,2026-08-05T21:13:35Z,0,mdkcYVovjB4,product_link,link
Link for the first one,@Shalusharma-i2q,2026-08-05T13:28:01Z,1,mdkcYVovjB4,product_link,link
Link of 1st one please,@viraltrendinghai,2026-08-05T06:08:04Z,0,mdkcYVovjB4,product_link,link
Plz send me the link of 1 one,@garimasingh8451,2026-08-04T12:11:42Z,0,mdkcYVovjB4,product_link,link
Link,@PAWALIANISHA,2026-08-04T10:12:38Z,0,mdkcYVovjB4,product_link,link
Link,@heenaverma8468,2026-08-04T09:37:33Z,0,mdkcYVovjB4,product_link,link
The dresses you wore and the links are totally different 🤔,@tammys.furry_tales,2026-08-03T20:33:55Z,0,mdkcYVovjB4,product_link,link
Either Myntra is delaying the deliveries or delayed delivery n then automatically cancelled .....wonderful service..,@nehadhawan9257,2026-08-03T16:27:23Z,0,mdkcYVovjB4,delivery,delivery
Link mam 2:18 ❤,@KaurHarpreet-d7d,2026-08-03T03:16:01Z,0,mdkcYVovjB4,product_link,link
"6:00 that suit is beautiful and the last one. But 6:00 looks different in ur video and the reviews given on myntra. Seems different products.

Last time too i bought coorrset from ur link but the quality was too bad. I believed u and bought. Thought acha hi hoga if u did. 


I'm sure haul clothes r better quality 
N
Seller sells lower ones to others.",@Renno-c1e,2026-08-02T17:52:28Z,0,mdkcYVovjB4,product_link,link
First kurti set ka Link dijiye jo aapne pahna hua hai pls 😢😊,@targetonbpscstudy,2026-08-02T07:29:23Z,0,mdkcYVovjB4,product_link,link
Black suit link please,@PradnyaVasudev,2026-08-01T10:06:39Z,0,mdkcYVovjB4,product_link,link
Please link your earings,@amreendadani1927,2026-07-30T12:34:27Z,0,mdkcYVovjB4,product_link,link
Best outfit u alwaz suggest best choice u haveThers no pink dress link which u have shown in first,@seemasaada1415,2026-07-29T18:06:57Z,0,mdkcYVovjB4,product_link,link
Black aur beige ka link plz,@shazlishafa-at7510,2026-07-29T06:33:53Z,0,mdkcYVovjB4,product_link,link
This video being the best suit collection Didn’t helped the audience as the links provided are completely different from the showcased suits which is very unprofessional and misleading,@arshibaksh8319,2026-07-28T19:46:06Z,0,mdkcYVovjB4,product_link,link
Link,@skinsciencebyemcutix,2026-07-28T13:56:08Z,0,mdkcYVovjB4,product_link,link
Link,@jayyadav1450,2026-07-27T07:22:57Z,0,mdkcYVovjB4,product_link,link
Links pls,@ShivaniSharma-b2h,2026-07-27T06:55:55Z,0,mdkcYVovjB4,product_link,link
Link,@believertogod,2026-07-26T12:55:17Z,0,mdkcYVovjB4,product_link,link
Link,@shwetadhiman9863,2026-07-26T05:14:16Z,0,mdkcYVovjB4,product_link,link
Link for 1st two,@prachijain67,2026-07-25T15:00:46Z,0,mdkcYVovjB4,product_link,link
What you have posted is completely different than the links you’ve shared!,@HafsaStyles,2026-07-25T08:36:51Z,0,mdkcYVovjB4,product_link,link
First kurta k set ka link send kro mam,@ArchanaTalwar-z7d,2026-07-25T05:48:16Z,0,mdkcYVovjB4,product_link,link
First kurta set link?,@sapnachoudhary2157,2026-07-25T02:58:46Z,0,mdkcYVovjB4,product_link,link
Black one's link?? Its different in your description,@angeluppal3025,2026-07-24T11:09:03Z,2,mdkcYVovjB4,product_link,link
No links are working,@SurabhiSingh1029,2026-07-24T10:25:11Z,0,mdkcYVovjB4,product_link,link
Pure kapde ka link to hai hi nhi 😢,@sahinarangsaj5236,2026-07-24T09:28:57Z,0,mdkcYVovjB4,product_link,link
"She has not shared the correct link of many suits. Indo Era (black), house of sada(pink) why do u waste another person's time?",@saanvitaneja-kb7gd,2026-07-24T08:34:48Z,0,mdkcYVovjB4,product_link,link
Today's collection is just wow ❤❤❤❤ n i didn't find pantaloons kurta link pls check,@special_40_sg7,2026-07-24T05:30:46Z,0,mdkcYVovjB4,product_link,link
"Kindly provide correct link of black kurta set
The link u provided it wrong",@pranaliramteke3960,2026-07-24T05:11:43Z,3,mdkcYVovjB4,product_link,link
Hii can you please give this indo era black suit link..the link given by you is the different black suit.,@nidhirawat7707,2026-07-23T18:22:58Z,0,mdkcYVovjB4,product_link,link
First suit pantaloons ka link pls,@dr.mamtasingh5775,2026-07-23T16:09:26Z,1,mdkcYVovjB4,product_link,link
"hi, can you please share the link of sangria motif suit's expensive version? please i can't find it",@nome8201,2026-07-23T15:56:44Z,1,mdkcYVovjB4,price_drop,expensive
Didi link chahiye,@NehaSharma-u7m,2026-07-23T10:59:42Z,0,mdkcYVovjB4,product_link,link
Didi link chahiye,@NehaSharma-u7m,2026-07-23T10:59:33Z,0,mdkcYVovjB4,product_link,link
How to order these,@swatikamal7753,2026-07-23T09:08:03Z,0,mdkcYVovjB4,purchase_intent,order
